;Eleição;Localidade;Cargo;Eleitorado;Comparecimento;Abstenção;Abst. Percentual
;2016 - 1º Turno;ÁGUA BRANCA;Prefeito;7578;6193;1385;18,28
;2016 - 1º Turno;ÁGUA BRANCA;Vereador;7578;6193;1385;18,28
;2016 - 1º Turno;AGUIAR;Prefeito;4427;3937;490;11,07
;2016 - 1º Turno;AGUIAR;Vereador;4427;3937;490;11,07
;2016 - 1º Turno;ALAGOA GRANDE;Prefeito;24020;17689;6331;26,36
;2016 - 1º Turno;ALAGOA GRANDE;Vereador;24020;17689;6331;26,36
;2016 - 1º Turno;ALAGOA NOVA;Prefeito;14336;12857;1479;10,32
;2016 - 1º Turno;ALAGOA NOVA;Vereador;14336;12857;1479;10,32
;2016 - 1º Turno;ALAGOINHA;Prefeito;11534;9326;2208;19,14
;2016 - 1º Turno;ALAGOINHA;Vereador;11534;9326;2208;19,14
;2016 - 1º Turno;ALCANTIL;Prefeito;4226;4069;157;3,72
;2016 - 1º Turno;ALCANTIL;Vereador;4226;4069;157;3,72
;2016 - 1º Turno;ALGODÃO DE JANDAÍRA;Prefeito;2688;2580;108;4,02
;2016 - 1º Turno;ALGODÃO DE JANDAÍRA;Vereador;2688;2580;108;4,02
;2016 - 1º Turno;ALHANDRA;Prefeito;18009;15932;2077;11,53
;2016 - 1º Turno;ALHANDRA;Vereador;18009;15932;2077;11,53
;2016 - 1º Turno;AMPARO;Prefeito;2193;2119;74;3,37
;2016 - 1º Turno;AMPARO;Vereador;2193;2119;74;3,37
;2016 - 1º Turno;APARECIDA;Prefeito;6336;5989;347;5,48
;2016 - 1º Turno;APARECIDA;Vereador;6336;5989;347;5,48
;2016 - 1º Turno;ARAÇAGI;Prefeito;12664;11411;1253;9,89
;2016 - 1º Turno;ARAÇAGI;Vereador;12664;11411;1253;9,89
;2016 - 1º Turno;ARARA;Prefeito;9706;7095;2611;26,90
;2016 - 1º Turno;ARARA;Vereador;9706;7095;2611;26,90
;2016 - 1º Turno;ARARUNA;Prefeito;14098;10967;3131;22,21
;2016 - 1º Turno;ARARUNA;Vereador;14098;10967;3131;22,21
;2016 - 1º Turno;AREIA;Prefeito;19585;15701;3884;19,83
;2016 - 1º Turno;AREIA;Vereador;19585;15701;3884;19,83
;2016 - 1º Turno;AREIA DE BARAÚNAS;Prefeito;1763;1677;86;4,88
;2016 - 1º Turno;AREIA DE BARAÚNAS;Vereador;1763;1677;86;4,88
;2016 - 1º Turno;AREIAL;Prefeito;5316;4979;337;6,34
;2016 - 1º Turno;AREIAL;Vereador;5316;4979;337;6,34
;2016 - 1º Turno;AROEIRAS;Prefeito;16604;13234;3370;20,30
;2016 - 1º Turno;AROEIRAS;Vereador;16604;13234;3370;20,30
;2016 - 1º Turno;ASSUNÇÃO;Prefeito;3483;3227;256;7,35
;2016 - 1º Turno;ASSUNÇÃO;Vereador;3483;3227;256;7,35
;2016 - 1º Turno;BAÍA DA TRAIÇÃO;Prefeito;6716;5755;961;14,31
;2016 - 1º Turno;BAÍA DA TRAIÇÃO;Vereador;6716;5755;961;14,31
;2016 - 1º Turno;BANANEIRAS;Prefeito;15881;14390;1491;9,39
;2016 - 1º Turno;BANANEIRAS;Vereador;15881;14390;1491;9,39
;2016 - 1º Turno;BARAÚNA;Prefeito;4372;3725;647;14,80
;2016 - 1º Turno;BARAÚNA;Vereador;4372;3725;647;14,80
;2016 - 1º Turno;BARRA DE SANTA ROSA;Prefeito;11332;9301;2031;17,92
;2016 - 1º Turno;BARRA DE SANTA ROSA;Vereador;11332;9301;2031;17,92
;2016 - 1º Turno;BARRA DE SANTANA;Prefeito;6801;6396;405;5,96
;2016 - 1º Turno;BARRA DE SANTANA;Vereador;6801;6396;405;5,96
;2016 - 1º Turno;BARRA DE SÃO MIGUEL;Prefeito;4633;4434;199;4,30
;2016 - 1º Turno;BARRA DE SÃO MIGUEL;Vereador;4633;4434;199;4,30
;2016 - 1º Turno;BAYEUX;Prefeito;66455;62272;4183;6,29
;2016 - 1º Turno;BAYEUX;Vereador;66455;62272;4183;6,29
;2016 - 1º Turno;BELÉM;Prefeito;14139;11212;2927;20,70
;2016 - 1º Turno;BELÉM;Vereador;14139;11212;2927;20,70
;2016 - 1º Turno;BELÉM DO BREJO DO CRUZ;Prefeito;6032;5323;709;11,75
;2016 - 1º Turno;BELÉM DO BREJO DO CRUZ;Vereador;6032;5323;709;11,75
;2016 - 1º Turno;BERNARDINO BATISTA;Prefeito;2846;2367;479;16,83
;2016 - 1º Turno;BERNARDINO BATISTA;Vereador;2846;2367;479;16,83
;2016 - 1º Turno;BOA VENTURA;Prefeito;4917;4488;429;8,72
;2016 - 1º Turno;BOA VENTURA;Vereador;4917;4488;429;8,72
;2016 - 1º Turno;BOA VISTA;Prefeito;5628;5297;331;5,88
;2016 - 1º Turno;BOA VISTA;Vereador;5628;5297;331;5,88
;2016 - 1º Turno;BOM JESUS;Prefeito;3205;2850;355;11,08
;2016 - 1º Turno;BOM JESUS;Vereador;3205;2850;355;11,08
;2016 - 1º Turno;BOM SUCESSO;Prefeito;4423;3830;593;13,41
;2016 - 1º Turno;BOM SUCESSO;Vereador;4423;3830;593;13,41
;2016 - 1º Turno;BONITO DE SANTA FÉ;Prefeito;8180;6246;1934;23,64
;2016 - 1º Turno;BONITO DE SANTA FÉ;Vereador;8180;6246;1934;23,64
;2016 - 1º Turno;BOQUEIRÃO;Prefeito;13331;12427;904;6,78
;2016 - 1º Turno;BOQUEIRÃO;Vereador;13331;12427;904;6,78
;2016 - 1º Turno;BORBOREMA;Prefeito;4151;3851;300;7,23
;2016 - 1º Turno;BORBOREMA;Vereador;4151;3851;300;7,23
;2016 - 1º Turno;BREJO DO CRUZ;Prefeito;10151;8706;1445;14,24
;2016 - 1º Turno;BREJO DO CRUZ;Vereador;10151;8706;1445;14,24
;2016 - 1º Turno;BREJO DOS SANTOS;Prefeito;5868;5269;599;10,21
;2016 - 1º Turno;BREJO DOS SANTOS;Vereador;5868;5269;599;10,21
;2016 - 1º Turno;CAAPORÃ;Prefeito;17428;14786;2642;15,16
;2016 - 1º Turno;CAAPORÃ;Vereador;17428;14786;2642;15,16
;2016 - 1º Turno;CABACEIRAS;Prefeito;4215;4025;190;4,51
;2016 - 1º Turno;CABACEIRAS;Vereador;4215;4025;190;4,51
;2016 - 1º Turno;CABEDELO;Prefeito;44293;37563;6730;15,19
;2016 - 1º Turno;CABEDELO;Vereador;44293;37563;6730;15,19
;2016 - 1º Turno;CACHOEIRA DOS ÍNDIOS;Prefeito;7605;6390;1215;15,98
;2016 - 1º Turno;CACHOEIRA DOS ÍNDIOS;Vereador;7605;6390;1215;15,98
;2016 - 1º Turno;CACIMBA DE AREIA;Prefeito;3310;3097;213;6,44
;2016 - 1º Turno;CACIMBA DE AREIA;Vereador;3310;3097;213;6,44
;2016 - 1º Turno;CACIMBA DE DENTRO;Prefeito;14228;11448;2780;19,54
;2016 - 1º Turno;CACIMBA DE DENTRO;Vereador;14228;11448;2780;19,54
;2016 - 1º Turno;CACIMBAS;Prefeito;5168;4667;501;9,69
;2016 - 1º Turno;CACIMBAS;Vereador;5168;4667;501;9,69
;2016 - 1º Turno;CAIÇARA;Prefeito;6009;5439;570;9,49
;2016 - 1º Turno;CAIÇARA;Vereador;6009;5439;570;9,49
;2016 - 1º Turno;CAJAZEIRAS;Prefeito;45415;36762;8653;19,05
;2016 - 1º Turno;CAJAZEIRAS;Vereador;45415;36762;8653;19,05
;2016 - 1º Turno;CAJAZEIRINHAS;Prefeito;3321;3142;179;5,39
;2016 - 1º Turno;CAJAZEIRINHAS;Vereador;3321;3142;179;5,39
;2016 - 1º Turno;CALDAS BRANDÃO;Prefeito;5361;4488;873;16,28
;2016 - 1º Turno;CALDAS BRANDÃO;Vereador;5361;4488;873;16,28
;2016 - 1º Turno;CAMALAÚ;Prefeito;5042;4711;331;6,56
;2016 - 1º Turno;CAMALAÚ;Vereador;5042;4711;331;6,56
;2016 - 1º Turno;CAMPINA GRANDE;Prefeito;274004;247816;26188;9,56
;2016 - 1º Turno;CAMPINA GRANDE;Vereador;274004;247816;26188;9,56
;2016 - 1º Turno;CAPIM;Prefeito;5529;5040;489;8,84
;2016 - 1º Turno;CAPIM;Vereador;5529;5040;489;8,84
;2016 - 1º Turno;CARAÚBAS;Prefeito;3737;3529;208;5,57
;2016 - 1º Turno;CARAÚBAS;Vereador;3737;3529;208;5,57
;2016 - 1º Turno;CARRAPATEIRA;Prefeito;2371;2123;248;10,46
;2016 - 1º Turno;CARRAPATEIRA;Vereador;2371;2123;248;10,46
;2016 - 1º Turno;CASSERENGUE;Prefeito;6215;4770;1445;23,25
;2016 - 1º Turno;CASSERENGUE;Vereador;6215;4770;1445;23,25
;2016 - 1º Turno;CATINGUEIRA;Prefeito;4360;3977;383;8,78
;2016 - 1º Turno;CATINGUEIRA;Vereador;4360;3977;383;8,78
;2016 - 1º Turno;CATOLÉ DO ROCHA;Prefeito;21818;18391;3427;15,71
;2016 - 1º Turno;CATOLÉ DO ROCHA;Vereador;21818;18391;3427;15,71
;2016 - 1º Turno;CATURITÉ;Prefeito;4240;4085;155;3,66
;2016 - 1º Turno;CATURITÉ;Vereador;4240;4085;155;3,66
;2016 - 1º Turno;CONCEIÇÃO;Prefeito;14616;12074;2542;17,39
;2016 - 1º Turno;CONCEIÇÃO;Vereador;14616;12074;2542;17,39
;2016 - 1º Turno;CONDADO;Prefeito;5780;4800;980;16,96
;2016 - 1º Turno;CONDADO;Vereador;5780;4800;980;16,96
;2016 - 1º Turno;CONDE;Prefeito;19922;17867;2055;10,32
;2016 - 1º Turno;CONDE;Vereador;19922;17867;2055;10,32
;2016 - 1º Turno;CONGO;Prefeito;4441;4133;308;6,94
;2016 - 1º Turno;CONGO;Vereador;4441;4133;308;6,94
;2016 - 1º Turno;COREMAS;Prefeito;12462;9976;2486;19,95
;2016 - 1º Turno;COREMAS;Vereador;12462;9976;2486;19,95
;2016 - 1º Turno;COXIXOLA;Prefeito;1742;1625;117;6,72
;2016 - 1º Turno;COXIXOLA;Vereador;1742;1625;117;6,72
;2016 - 1º Turno;CRUZ DO ESPÍRITO SANTO;Prefeito;15518;13585;1933;12,46
;2016 - 1º Turno;CRUZ DO ESPÍRITO SANTO;Vereador;15518;13585;1933;12,46
;2016 - 1º Turno;CUBATI;Prefeito;5977;5547;430;7,19
;2016 - 1º Turno;CUBATI;Vereador;5977;5547;430;7,19
;2016 - 1º Turno;CUITÉ;Prefeito;17013;13922;3091;18,17
;2016 - 1º Turno;CUITÉ;Vereador;17013;13922;3091;18,17
;2016 - 1º Turno;CUITÉ DE MAMANGUAPE;Prefeito;6582;5900;682;10,36
;2016 - 1º Turno;CUITÉ DE MAMANGUAPE;Vereador;6582;5900;682;10,36
;2016 - 1º Turno;CUITEGI;Prefeito;5380;4849;531;9,87
;2016 - 1º Turno;CUITEGI;Vereador;5380;4849;531;9,87
;2016 - 1º Turno;CURRAL DE CIMA;Prefeito;4592;4274;318;6,93
;2016 - 1º Turno;CURRAL DE CIMA;Vereador;4592;4274;318;6,93
;2016 - 1º Turno;CURRAL VELHO;Prefeito;2022;1867;155;7,67
;2016 - 1º Turno;CURRAL VELHO;Vereador;2022;1867;155;7,67
;2016 - 1º Turno;DAMIÃO;Prefeito;4688;3957;731;15,59
;2016 - 1º Turno;DAMIÃO;Vereador;4688;3957;731;15,59
;2016 - 1º Turno;DESTERRO;Prefeito;6125;5694;431;7,04
;2016 - 1º Turno;DESTERRO;Vereador;6125;5694;431;7,04
;2016 - 1º Turno;DIAMANTE;Prefeito;5218;4812;406;7,78
;2016 - 1º Turno;DIAMANTE;Vereador;5218;4812;406;7,78
;2016 - 1º Turno;DONA INÊS;Prefeito;7933;7262;671;8,46
;2016 - 1º Turno;DONA INÊS;Vereador;7933;7262;671;8,46
;2016 - 1º Turno;DUAS ESTRADAS;Prefeito;3696;3097;599;16,21
;2016 - 1º Turno;DUAS ESTRADAS;Vereador;3696;3097;599;16,21
;2016 - 1º Turno;EMAS;Prefeito;3001;2783;218;7,26
;2016 - 1º Turno;EMAS;Vereador;3001;2783;218;7,26
;2016 - 1º Turno;ESPERANÇA;Prefeito;22885;21026;1859;8,12
;2016 - 1º Turno;ESPERANÇA;Vereador;22885;21026;1859;8,12
;2016 - 1º Turno;FAGUNDES;Prefeito;10204;8118;2086;20,44
;2016 - 1º Turno;FAGUNDES;Vereador;10204;8118;2086;20,44
;2016 - 1º Turno;FREI MARTINHO;Prefeito;2907;2564;343;11,80
;2016 - 1º Turno;FREI MARTINHO;Vereador;2907;2564;343;11,80
;2016 - 1º Turno;GADO BRAVO;Prefeito;7407;6170;1237;16,70
;2016 - 1º Turno;GADO BRAVO;Vereador;7407;6170;1237;16,70
;2016 - 1º Turno;GUARABIRA;Prefeito;38459;35089;3370;8,76
;2016 - 1º Turno;GUARABIRA;Vereador;38459;35089;3370;8,76
;2016 - 1º Turno;GURINHÉM;Prefeito;11884;9687;2197;18,49
;2016 - 1º Turno;GURINHÉM;Vereador;11884;9687;2197;18,49
;2016 - 1º Turno;GURJÃO;Prefeito;2912;2721;191;6,56
;2016 - 1º Turno;GURJÃO;Vereador;2912;2721;191;6,56
;2016 - 1º Turno;IBIARA;Prefeito;5587;4895;692;12,39
;2016 - 1º Turno;IBIARA;Vereador;5587;4895;692;12,39
;2016 - 1º Turno;IGARACY;Prefeito;5243;4695;548;10,45
;2016 - 1º Turno;IGARACY;Vereador;5243;4695;548;10,45
;2016 - 1º Turno;IMACULADA;Prefeito;7958;7304;654;8,22
;2016 - 1º Turno;IMACULADA;Vereador;7958;7304;654;8,22
;2016 - 1º Turno;INGÁ;Prefeito;14554;11991;2563;17,61
;2016 - 1º Turno;INGÁ;Vereador;14554;11991;2563;17,61
;2016 - 1º Turno;ITABAIANA;Prefeito;20042;16502;3540;17,66
;2016 - 1º Turno;ITABAIANA;Vereador;20042;16502;3540;17,66
;2016 - 1º Turno;ITAPORANGA;Prefeito;15849;14555;1294;8,16
;2016 - 1º Turno;ITAPORANGA;Vereador;15849;14555;1294;8,16
;2016 - 1º Turno;ITAPOROROCA;Prefeito;11720;10521;1199;10,23
;2016 - 1º Turno;ITAPOROROCA;Vereador;11720;10521;1199;10,23
;2016 - 1º Turno;ITATUBA;Prefeito;8554;7335;1219;14,25
;2016 - 1º Turno;ITATUBA;Vereador;8554;7335;1219;14,25
;2016 - 1º Turno;JACARAÚ;Prefeito;12109;10894;1215;10,03
;2016 - 1º Turno;JACARAÚ;Vereador;12109;10894;1215;10,03
;2016 - 1º Turno;JERICÓ;Prefeito;6641;5773;868;13,07
;2016 - 1º Turno;JERICÓ;Vereador;6641;5773;868;13,07
;2016 - 1º Turno;JOÃO PESSOA;Prefeito;489026;433447;55579;11,37
;2016 - 1º Turno;JOÃO PESSOA;Vereador;489026;433447;55579;11,37
;2016 - 1º Turno;JOCA CLAUDINO;Prefeito;2825;2539;286;10,12
;2016 - 1º Turno;JOCA CLAUDINO;Vereador;2825;2539;286;10,12
;2016 - 1º Turno;JUAREZ TÁVORA;Prefeito;7207;6081;1126;15,62
;2016 - 1º Turno;JUAREZ TÁVORA;Vereador;7207;6081;1126;15,62
;2016 - 1º Turno;JUAZEIRINHO;Prefeito;12098;10990;1108;9,16
;2016 - 1º Turno;JUAZEIRINHO;Vereador;12098;10990;1108;9,16
;2016 - 1º Turno;JUNCO DO SERIDÓ;Prefeito;4920;4526;394;8,01
;2016 - 1º Turno;JUNCO DO SERIDÓ;Vereador;4920;4526;394;8,01
;2016 - 1º Turno;JURIPIRANGA;Prefeito;10025;8427;1598;15,94
;2016 - 1º Turno;JURIPIRANGA;Vereador;10025;8427;1598;15,94
;2016 - 1º Turno;JURU;Prefeito;7948;6454;1494;18,80
;2016 - 1º Turno;JURU;Vereador;7948;6454;1494;18,80
;2016 - 1º Turno;LAGOA;Prefeito;4258;4060;198;4,65
;2016 - 1º Turno;LAGOA;Vereador;4258;4060;198;4,65
;2016 - 1º Turno;LAGOA DE DENTRO;Prefeito;6012;5475;537;8,93
;2016 - 1º Turno;LAGOA DE DENTRO;Vereador;6012;5475;537;8,93
;2016 - 1º Turno;LAGOA SECA;Prefeito;18878;17315;1563;8,28
;2016 - 1º Turno;LAGOA SECA;Vereador;18878;17315;1563;8,28
;2016 - 1º Turno;LASTRO;Prefeito;3529;3433;96;2,72
;2016 - 1º Turno;LASTRO;Vereador;3529;3433;96;2,72
;2016 - 1º Turno;LIVRAMENTO;Prefeito;5406;4900;506;9,36
;2016 - 1º Turno;LIVRAMENTO;Vereador;5406;4900;506;9,36
;2016 - 1º Turno;LOGRADOURO;Prefeito;3228;2980;248;7,68
;2016 - 1º Turno;LOGRADOURO;Vereador;3228;2980;248;7,68
;2016 - 1º Turno;LUCENA;Prefeito;10939;10025;914;8,36
;2016 - 1º Turno;LUCENA;Vereador;10939;10025;914;8,36
;2016 - 1º Turno;MALTA;Prefeito;5144;4337;807;15,69
;2016 - 1º Turno;MALTA;Vereador;5144;4337;807;15,69
;2016 - 1º Turno;MAMANGUAPE;Prefeito;29999;26516;3483;11,61
;2016 - 1º Turno;MAMANGUAPE;Vereador;29999;26516;3483;11,61
;2016 - 1º Turno;MANAÍRA;Prefeito;8931;7027;1904;21,32
;2016 - 1º Turno;MANAÍRA;Vereador;8931;7027;1904;21,32
;2016 - 1º Turno;MARCAÇÃO;Prefeito;6549;5564;985;15,04
;2016 - 1º Turno;MARCAÇÃO;Vereador;6549;5564;985;15,04
;2016 - 1º Turno;MARI;Prefeito;17261;13724;3537;20,49
;2016 - 1º Turno;MARI;Vereador;17261;13724;3537;20,49
;2016 - 1º Turno;MARIZÓPOLIS;Prefeito;5123;4887;236;4,61
;2016 - 1º Turno;MARIZÓPOLIS;Vereador;5123;4887;236;4,61
;2016 - 1º Turno;MASSARANDUBA;Prefeito;10527;9511;1016;9,65
;2016 - 1º Turno;MASSARANDUBA;Vereador;10527;9511;1016;9,65
;2016 - 1º Turno;MATARACA;Prefeito;7383;6754;629;8,52
;2016 - 1º Turno;MATARACA;Vereador;7383;6754;629;8,52
;2016 - 1º Turno;MATINHAS;Prefeito;3980;3714;266;6,68
;2016 - 1º Turno;MATINHAS;Vereador;3980;3714;266;6,68
;2016 - 1º Turno;MATO GROSSO;Prefeito;2977;2714;263;8,83
;2016 - 1º Turno;MATO GROSSO;Vereador;2977;2714;263;8,83
;2016 - 1º Turno;MATURÉIA;Prefeito;4950;4525;425;8,59
;2016 - 1º Turno;MATURÉIA;Vereador;4950;4525;425;8,59
;2016 - 1º Turno;MOGEIRO;Prefeito;11886;9136;2750;23,14
;2016 - 1º Turno;MOGEIRO;Vereador;11886;9136;2750;23,14
;2016 - 1º Turno;MONTADAS;Prefeito;4082;3872;210;5,14
;2016 - 1º Turno;MONTADAS;Vereador;4082;3872;210;5,14
;2016 - 1º Turno;MONTE HOREBE;Prefeito;4043;3266;777;19,22
;2016 - 1º Turno;MONTE HOREBE;Vereador;4043;3266;777;19,22
;2016 - 1º Turno;MONTEIRO;Prefeito;22844;21177;1667;7,30
;2016 - 1º Turno;MONTEIRO;Vereador;22844;21177;1667;7,30
;2016 - 1º Turno;MULUNGU;Prefeito;9396;8149;1247;13,27
;2016 - 1º Turno;MULUNGU;Vereador;9396;8149;1247;13,27
;2016 - 1º Turno;NATUBA;Prefeito;7042;5402;1640;23,29
;2016 - 1º Turno;NATUBA;Vereador;7042;5402;1640;23,29
;2016 - 1º Turno;NAZAREZINHO;Prefeito;5782;5505;277;4,79
;2016 - 1º Turno;NAZAREZINHO;Vereador;5782;5505;277;4,79
;2016 - 1º Turno;NOVA FLORESTA;Prefeito;8108;6812;1296;15,98
;2016 - 1º Turno;NOVA FLORESTA;Vereador;8108;6812;1296;15,98
;2016 - 1º Turno;NOVA OLINDA;Prefeito;4811;4229;582;12,10
;2016 - 1º Turno;NOVA OLINDA;Vereador;4811;4229;582;12,10
;2016 - 1º Turno;NOVA PALMEIRA;Prefeito;3468;3150;318;9,17
;2016 - 1º Turno;NOVA PALMEIRA;Vereador;3468;3150;318;9,17
;2016 - 1º Turno;OLHO D'ÁGUA;Prefeito;6385;5815;570;8,93
;2016 - 1º Turno;OLHO D'ÁGUA;Vereador;6385;5815;570;8,93
;2016 - 1º Turno;OLIVEDOS;Prefeito;3428;3258;170;4,96
;2016 - 1º Turno;OLIVEDOS;Vereador;3428;3258;170;4,96
;2016 - 1º Turno;OURO VELHO;Prefeito;2929;2549;380;12,97
;2016 - 1º Turno;OURO VELHO;Vereador;2929;2549;380;12,97
;2016 - 1º Turno;PARARI;Prefeito;2048;1848;200;9,77
;2016 - 1º Turno;PARARI;Vereador;2048;1848;200;9,77
;2016 - 1º Turno;PASSAGEM;Prefeito;2220;2147;73;3,29
;2016 - 1º Turno;PASSAGEM;Vereador;2220;2147;73;3,29
;2016 - 1º Turno;PATOS;Prefeito;61044;55716;5328;8,73
;2016 - 1º Turno;PATOS;Vereador;61044;55716;5328;8,73
;2016 - 1º Turno;PAULISTA;Prefeito;9299;8714;585;6,29
;2016 - 1º Turno;PAULISTA;Vereador;9299;8714;585;6,29
;2016 - 1º Turno;PEDRA BRANCA;Prefeito;3577;3370;207;5,79
;2016 - 1º Turno;PEDRA BRANCA;Vereador;3577;3370;207;5,79
;2016 - 1º Turno;PEDRA LAVRADA;Prefeito;6022;5304;718;11,92
;2016 - 1º Turno;PEDRA LAVRADA;Vereador;6022;5304;718;11,92
;2016 - 1º Turno;PEDRAS DE FOGO;Prefeito;21269;18915;2354;11,07
;2016 - 1º Turno;PEDRAS DE FOGO;Vereador;21269;18915;2354;11,07
;2016 - 1º Turno;PEDRO RÉGIS;Prefeito;4513;4137;376;8,33
;2016 - 1º Turno;PEDRO RÉGIS;Vereador;4513;4137;376;8,33
;2016 - 1º Turno;PIANCÓ;Prefeito;12085;10615;1470;12,16
;2016 - 1º Turno;PIANCÓ;Vereador;12085;10615;1470;12,16
;2016 - 1º Turno;PICUÍ;Prefeito;14832;12553;2279;15,37
;2016 - 1º Turno;PICUÍ;Vereador;14832;12553;2279;15,37
;2016 - 1º Turno;PILAR;Prefeito;9702;8191;1511;15,57
;2016 - 1º Turno;PILAR;Vereador;9702;8191;1511;15,57
;2016 - 1º Turno;PILÕES;Prefeito;6321;5689;632;10,00
;2016 - 1º Turno;PILÕES;Vereador;6321;5689;632;10,00
;2016 - 1º Turno;PILÕEZINHOS;Prefeito;4761;4429;332;6,97
;2016 - 1º Turno;PILÕEZINHOS;Vereador;4761;4429;332;6,97
;2016 - 1º Turno;PIRPIRITUBA;Prefeito;8049;6461;1588;19,73
;2016 - 1º Turno;PIRPIRITUBA;Vereador;8049;6461;1588;19,73
;2016 - 1º Turno;PITIMBU;Prefeito;11642;10044;1598;13,73
;2016 - 1º Turno;PITIMBU;Vereador;11642;10044;1598;13,73
;2016 - 1º Turno;POCINHOS;Prefeito;13720;11731;1989;14,50
;2016 - 1º Turno;POCINHOS;Vereador;13720;11731;1989;14,50
;2016 - 1º Turno;POÇO DANTAS;Prefeito;3782;3186;596;15,76
;2016 - 1º Turno;POÇO DANTAS;Vereador;3782;3186;596;15,76
;2016 - 1º Turno;POÇO DE JOSÉ DE MOURA;Prefeito;4074;3508;566;13,89
;2016 - 1º Turno;POÇO DE JOSÉ DE MOURA;Vereador;4074;3508;566;13,89
;2016 - 1º Turno;POMBAL;Prefeito;23705;21999;1706;7,20
;2016 - 1º Turno;POMBAL;Vereador;23705;21999;1706;7,20
;2016 - 1º Turno;PRATA;Prefeito;3760;3435;325;8,64
;2016 - 1º Turno;PRATA;Vereador;3760;3435;325;8,64
;2016 - 1º Turno;PRINCESA ISABEL;Prefeito;15827;12685;3142;19,85
;2016 - 1º Turno;PRINCESA ISABEL;Vereador;15827;12685;3142;19,85
;2016 - 1º Turno;PUXINANÃ;Prefeito;11278;9826;1452;12,87
;2016 - 1º Turno;PUXINANÃ;Vereador;11278;9826;1452;12,87
;2016 - 1º Turno;QUEIMADAS;Prefeito;34603;28413;6190;17,89
;2016 - 1º Turno;QUEIMADAS;Vereador;34603;28413;6190;17,89
;2016 - 1º Turno;QUIXABA;Prefeito;1879;1825;54;2,87
;2016 - 1º Turno;QUIXABA;Vereador;1879;1825;54;2,87
;2016 - 1º Turno;REMÍGIO;Prefeito;12692;11512;1180;9,30
;2016 - 1º Turno;REMÍGIO;Vereador;12692;11512;1180;9,30
;2016 - 1º Turno;RIACHÃO;Prefeito;3371;2940;431;12,79
;2016 - 1º Turno;RIACHÃO;Vereador;3371;2940;431;12,79
;2016 - 1º Turno;RIACHÃO DO BACAMARTE;Prefeito;4615;3869;746;16,16
;2016 - 1º Turno;RIACHÃO DO BACAMARTE;Vereador;4615;3869;746;16,16
;2016 - 1º Turno;RIACHÃO DO POÇO;Prefeito;4381;3776;605;13,81
;2016 - 1º Turno;RIACHÃO DO POÇO;Vereador;4381;3776;605;13,81
;2016 - 1º Turno;RIACHO DE SANTO ANTÔNIO;Prefeito;2073;2021;52;2,51
;2016 - 1º Turno;RIACHO DE SANTO ANTÔNIO;Vereador;2073;2021;52;2,51
;2016 - 1º Turno;RIACHO DOS CAVALOS;Prefeito;7508;6819;689;9,18
;2016 - 1º Turno;RIACHO DOS CAVALOS;Vereador;7508;6819;689;9,18
;2016 - 1º Turno;RIO TINTO;Prefeito;19061;15576;3485;18,28
;2016 - 1º Turno;RIO TINTO;Vereador;19061;15576;3485;18,28
;2016 - 1º Turno;SALGADINHO;Prefeito;2810;2698;112;3,99
;2016 - 1º Turno;SALGADINHO;Vereador;2810;2698;112;3,99
;2016 - 1º Turno;SALGADO DE SÃO FÉLIX;Prefeito;11385;8676;2709;23,79
;2016 - 1º Turno;SALGADO DE SÃO FÉLIX;Vereador;11385;8676;2709;23,79
;2016 - 1º Turno;SANTA CECÍLIA;Prefeito;6614;5484;1130;17,08
;2016 - 1º Turno;SANTA CECÍLIA;Vereador;6614;5484;1130;17,08
;2016 - 1º Turno;SANTA CRUZ;Prefeito;5302;5058;244;4,60
;2016 - 1º Turno;SANTA CRUZ;Vereador;5302;5058;244;4,60
;2016 - 1º Turno;SANTA HELENA;Prefeito;5663;4771;892;15,75
;2016 - 1º Turno;SANTA HELENA;Vereador;5663;4771;892;15,75
;2016 - 1º Turno;SANTA INÊS;Prefeito;3951;3293;658;16,65
;2016 - 1º Turno;SANTA INÊS;Vereador;3951;3293;658;16,65
;2016 - 1º Turno;SANTA LUZIA;Prefeito;10852;10055;797;7,34
;2016 - 1º Turno;SANTA LUZIA;Vereador;10852;10055;797;7,34
;2016 - 1º Turno;SANTA RITA;Prefeito;88677;82345;6332;7,14
;2016 - 1º Turno;SANTA RITA;Vereador;88677;82345;6332;7,14
;2016 - 1º Turno;SANTA TERESINHA;Prefeito;4764;4501;263;5,52
;2016 - 1º Turno;SANTA TERESINHA;Vereador;4764;4501;263;5,52
;2016 - 1º Turno;SANTANA DE MANGUEIRA;Prefeito;4783;4108;675;14,11
;2016 - 1º Turno;SANTANA DE MANGUEIRA;Vereador;4783;4108;675;14,11
;2016 - 1º Turno;SANTANA DOS GARROTES;Prefeito;5943;5045;898;15,11
;2016 - 1º Turno;SANTANA DOS GARROTES;Vereador;5943;5045;898;15,11
;2016 - 1º Turno;SANTO ANDRÉ;Prefeito;2584;2327;257;9,95
;2016 - 1º Turno;SANTO ANDRÉ;Vereador;2584;2327;257;9,95
;2016 - 1º Turno;SÃO BENTINHO;Prefeito;3340;3165;175;5,24
;2016 - 1º Turno;SÃO BENTINHO;Vereador;3340;3165;175;5,24
;2016 - 1º Turno;SÃO BENTO;Prefeito;26217;23339;2878;10,98
;2016 - 1º Turno;SÃO BENTO;Vereador;26217;23339;2878;10,98
;2016 - 1º Turno;SÃO DOMINGOS DE POMBAL;Prefeito;2783;2616;167;6,00
;2016 - 1º Turno;SÃO DOMINGOS DE POMBAL;Vereador;2783;2616;167;6,00
;2016 - 1º Turno;SÃO DOMINGOS DO CARIRI;Prefeito;2659;2603;56;2,11
;2016 - 1º Turno;SÃO DOMINGOS DO CARIRI;Vereador;2659;2603;56;2,11
;2016 - 1º Turno;SÃO FRANCISCO;Prefeito;3633;3478;155;4,27
;2016 - 1º Turno;SÃO FRANCISCO;Vereador;3633;3478;155;4,27
;2016 - 1º Turno;SÃO JOÃO DO CARIRI;Prefeito;3967;3635;332;8,37
;2016 - 1º Turno;SÃO JOÃO DO CARIRI;Vereador;3967;3635;332;8,37
;2016 - 1º Turno;SÃO JOÃO DO RIO DO PEIXE;Prefeito;14685;12208;2477;16,87
;2016 - 1º Turno;SÃO JOÃO DO RIO DO PEIXE;Vereador;14685;12208;2477;16,87
;2016 - 1º Turno;SÃO JOÃO DO TIGRE;Prefeito;3548;3355;193;5,44
;2016 - 1º Turno;SÃO JOÃO DO TIGRE;Vereador;3548;3355;193;5,44
;2016 - 1º Turno;SÃO JOSÉ DA LAGOA TAPADA;Prefeito;6074;5799;275;4,53
;2016 - 1º Turno;SÃO JOSÉ DA LAGOA TAPADA;Vereador;6074;5799;275;4,53
;2016 - 1º Turno;SÃO JOSÉ DE CAIANA;Prefeito;4587;4013;574;12,51
;2016 - 1º Turno;SÃO JOSÉ DE CAIANA;Vereador;4587;4013;574;12,51
;2016 - 1º Turno;SÃO JOSÉ DE ESPINHARAS;Prefeito;3811;3643;168;4,41
;2016 - 1º Turno;SÃO JOSÉ DE ESPINHARAS;Vereador;3811;3643;168;4,41
;2016 - 1º Turno;SÃO JOSÉ DE PIRANHAS;Prefeito;15486;12711;2775;17,92
;2016 - 1º Turno;SÃO JOSÉ DE PIRANHAS;Vereador;15486;12711;2775;17,92
;2016 - 1º Turno;SÃO JOSÉ DE PRINCESA;Prefeito;3596;2895;701;19,49
;2016 - 1º Turno;SÃO JOSÉ DE PRINCESA;Vereador;3596;2895;701;19,49
;2016 - 1º Turno;SÃO JOSÉ DO BONFIM;Prefeito;3320;3123;197;5,93
;2016 - 1º Turno;SÃO JOSÉ DO BONFIM;Vereador;3320;3123;197;5,93
;2016 - 1º Turno;SÃO JOSÉ DO BREJO DO CRUZ;Prefeito;1953;1828;125;6,40
;2016 - 1º Turno;SÃO JOSÉ DO BREJO DO CRUZ;Vereador;1953;1828;125;6,40
;2016 - 1º Turno;SÃO JOSÉ DO SABUGI;Prefeito;3622;3469;153;4,22
;2016 - 1º Turno;SÃO JOSÉ DO SABUGI;Vereador;3622;3469;153;4,22
;2016 - 1º Turno;SÃO JOSÉ DOS CORDEIROS;Prefeito;2983;2736;247;8,28
;2016 - 1º Turno;SÃO JOSÉ DOS CORDEIROS;Vereador;2983;2736;247;8,28
;2016 - 1º Turno;SÃO JOSÉ DOS RAMOS;Prefeito;5182;4450;732;14,13
;2016 - 1º Turno;SÃO JOSÉ DOS RAMOS;Vereador;5182;4450;732;14,13
;2016 - 1º Turno;SÃO MAMEDE;Prefeito;6258;5741;517;8,26
;2016 - 1º Turno;SÃO MAMEDE;Vereador;6258;5741;517;8,26
;2016 - 1º Turno;SÃO MIGUEL DE TAIPU;Prefeito;5920;5207;713;12,04
;2016 - 1º Turno;SÃO MIGUEL DE TAIPU;Vereador;5920;5207;713;12,04
;2016 - 1º Turno;SÃO SEBASTIÃO DE LAGOA DE ROÇA;Prefeito;8256;7599;657;7,96
;2016 - 1º Turno;SÃO SEBASTIÃO DE LAGOA DE ROÇA;Vereador;8256;7599;657;7,96
;2016 - 1º Turno;SÃO SEBASTIÃO DO UMBUZEIRO;Prefeito;2834;2712;122;4,30
;2016 - 1º Turno;SÃO SEBASTIÃO DO UMBUZEIRO;Vereador;2834;2712;122;4,30
;2016 - 1º Turno;SÃO VICENTE DO SERIDÓ;Prefeito;7964;6938;1026;12,88
;2016 - 1º Turno;SÃO VICENTE DO SERIDÓ;Vereador;7964;6938;1026;12,88
;2016 - 1º Turno;SAPÉ;Prefeito;38959;29227;9732;24,98
;2016 - 1º Turno;SAPÉ;Vereador;38959;29227;9732;24,98
;2016 - 1º Turno;SERRA BRANCA;Prefeito;9559;8581;978;10,23
;2016 - 1º Turno;SERRA BRANCA;Vereador;9559;8581;978;10,23
;2016 - 1º Turno;SERRA DA RAIZ;Prefeito;2537;2313;224;8,83
;2016 - 1º Turno;SERRA DA RAIZ;Vereador;2537;2313;224;8,83
;2016 - 1º Turno;SERRA GRANDE;Prefeito;3170;2968;202;6,37
;2016 - 1º Turno;SERRA GRANDE;Vereador;3170;2968;202;6,37
;2016 - 1º Turno;SERRA REDONDA;Prefeito;6653;5246;1407;21,15
;2016 - 1º Turno;SERRA REDONDA;Vereador;6653;5246;1407;21,15
;2016 - 1º Turno;SERRARIA;Prefeito;4786;3778;1008;21,06
;2016 - 1º Turno;SERRARIA;Vereador;4786;3778;1008;21,06
;2016 - 1º Turno;SERTÃOZINHO;Prefeito;4279;3618;661;15,45
;2016 - 1º Turno;SERTÃOZINHO;Vereador;4279;3618;661;15,45
;2016 - 1º Turno;SOBRADO;Prefeito;7287;5971;1316;18,06
;2016 - 1º Turno;SOBRADO;Vereador;7287;5971;1316;18,06
;2016 - 1º Turno;SOLÂNEA;Prefeito;22747;16592;6155;27,06
;2016 - 1º Turno;SOLÂNEA;Vereador;22747;16592;6155;27,06
;2016 - 1º Turno;SOLEDADE;Prefeito;10328;9401;927;8,98
;2016 - 1º Turno;SOLEDADE;Vereador;10328;9401;927;8,98
;2016 - 1º Turno;SOSSÊGO;Prefeito;3109;2721;388;12,48
;2016 - 1º Turno;SOSSÊGO;Vereador;3109;2721;388;12,48
;2016 - 1º Turno;SOUSA;Prefeito;43564;40766;2798;6,42
;2016 - 1º Turno;SOUSA;Vereador;43564;40766;2798;6,42
;2016 - 1º Turno;SUMÉ;Prefeito;12142;10858;1284;10,57
;2016 - 1º Turno;SUMÉ;Vereador;12142;10858;1284;10,57
;2016 - 1º Turno;TACIMA;Prefeito;7818;6374;1444;18,47
;2016 - 1º Turno;TACIMA;Vereador;7818;6374;1444;18,47
;2016 - 1º Turno;TAPEROÁ;Prefeito;10176;9094;1082;10,63
;2016 - 1º Turno;TAPEROÁ;Vereador;10176;9094;1082;10,63
;2016 - 1º Turno;TAVARES;Prefeito;11773;9130;2643;22,45
;2016 - 1º Turno;TAVARES;Vereador;11773;9130;2643;22,45
;2016 - 1º Turno;TEIXEIRA;Prefeito;10262;9514;748;7,29
;2016 - 1º Turno;TEIXEIRA;Vereador;10262;9514;748;7,29
;2016 - 1º Turno;TENÓRIO;Prefeito;2514;2357;157;6,25
;2016 - 1º Turno;TENÓRIO;Vereador;2514;2357;157;6,25
;2016 - 1º Turno;TRIUNFO;Prefeito;7598;5953;1645;21,65
;2016 - 1º Turno;TRIUNFO;Vereador;7598;5953;1645;21,65
;2016 - 1º Turno;UIRAÚNA;Prefeito;11600;9638;1962;16,91
;2016 - 1º Turno;UIRAÚNA;Vereador;11600;9638;1962;16,91
;2016 - 1º Turno;UMBUZEIRO;Prefeito;6809;5626;1183;17,37
;2016 - 1º Turno;UMBUZEIRO;Vereador;6809;5626;1183;17,37
;2016 - 1º Turno;VÁRZEA;Prefeito;2336;2263;73;3,12
;2016 - 1º Turno;VÁRZEA;Vereador;2336;2263;73;3,12
;2016 - 1º Turno;VIEIRÓPOLIS;Prefeito;4747;4435;312;6,57
;2016 - 1º Turno;VIEIRÓPOLIS;Vereador;4747;4435;312;6,57
;2016 - 1º Turno;VISTA SERRANA;Prefeito;3117;2757;360;11,55
;2016 - 1º Turno;VISTA SERRANA;Vereador;3117;2757;360;11,55
;2016 - 1º Turno;ZABELÊ;Prefeito;2002;1877;125;6,24
;2016 - 1º Turno;ZABELÊ;Vereador;2002;1877;125;6,24
;2016 - 1º Turno;MÃE D'ÁGUA;Prefeito;3884;3420;464;11,95
;2016 - 1º Turno;MÃE D'ÁGUA;Vereador;3884;3420;464;11,95
